"mesano","ID_Loja","ID_Produto","META"
202106,1,15,2668.032
202312,1,14,2709.156
202208,2,12,2133.852
202304,3,11,954.1320000000001
202110,3,1,908.7239999999999
202112,2,19,1171.752
202111,3,11,703.7280000000001
202306,2,7,1443.3239999999998
202406,3,10,964.4159999999999
202102,1,19,1838.1360000000002
202209,1,18,2937.9840000000013
202110,3,11,880.0080000000002
202210,2,16,1771.7280000000007
202108,1,2,2275.4519999999998
202301,2,6,1278.6480000000004
202210,3,4,1039.02
202105,3,9,738.0479999999999
202304,3,14,732.2639999999999
202106,2,14,1749.7439999999995
202310,1,5,2087.46
202108,2,6,1139.9279999999999
202406,2,7,1471.5719999999997
202407,3,19,646.92
202301,2,11,1602.0839999999998
202211,1,5,2694.6
202204,3,9,1010.2079999999999
202401,2,8,1373.0999999999995
202404,2,13,1501.3439999999998
202106,2,19,1656.3960000000004
202110,3,5,904.6920000000001
202303,3,17,1115.856
202202,1,2,1557.7319999999997
202212,3,14,1031.4119999999998
202404,1,8,2532.131999999999
202404,2,12,861.1680000000001
202207,3,14,1184.424
202202,2,5,1088.616
202405,2,19,1576.9679999999998
202303,1,17,2609.7719999999986
202102,2,6,1286.892
202310,2,3,896.8200000000002
202201,1,3,2493.7200000000003
202311,3,2,1327.0440000000003
202202,1,9,2306.3399999999997
202311,1,10,2731.6559999999995
202309,1,4,1925.652
202302,1,16,2484.0719999999997
202202,1,19,2958.0000000000005
202106,3,1,1065.2520000000002
202305,2,7,1584.912
202105,1,11,2689.56
202110,1,17,2211.84
202104,1,3,1734.744
202402,2,11,1270.5600000000002
202204,3,3,869.9639999999998
202107,3,13,1073.8799999999997
202206,2,11,1215.9719999999998
202311,1,13,2503.223999999999
202405,2,16,1303.428
202111,2,3,1410.936
202110,2,6,1520.196
202204,3,14,1410.6119999999999
202203,2,1,1423.0919999999999
202301,1,4,2155.272
202109,2,11,1595.2679999999998
202107,1,10,2439.384
202205,3,15,1061.7960000000003
202305,3,9,1227.2160000000001
202404,1,4,1876.3199999999997
202203,3,1,830.8679999999999
202201,2,2,1438.3199999999995
202301,3,18,927.8879999999998
202402,1,7,1706.9039999999998
202403,3,12,1019.4479999999998
202108,3,6,1061.7839999999997
202204,1,15,2066.304
202302,2,8,1711.8240000000003
202201,2,3,1371.6480000000001
202101,1,2,67.812
202203,2,8,1435.3080000000004
202209,3,3,797.088
202306,1,18,2599.2600000000007
202212,1,8,2139.0599999999995
202407,1,1,2021.3640000000003
202306,1,12,1704.2159999999994
202106,3,11,690.7200000000001
202102,1,6,2522.676
202107,3,1,702.2520000000001
202401,1,13,2377.1879999999996
202106,2,5,1440.9720000000002
202105,1,16,2808.6119999999996
202402,3,3,970.4879999999999
202201,1,10,2484.4079999999994
202105,2,14,1570.0559999999998
202102,3,16,923.6159999999999
202208,1,3,2671.067999999999
202109,2,19,1246.788
202401,2,2,1197.144
202407,1,8,1933.7640000000006
202407,3,12,962.8200000000002
202310,1,2,2514.9600000000005
202308,2,1,1767.6240000000003
202103,3,13,879.5999999999998
202210,3,18,863.2679999999997
202307,3,5,871.188
202107,3,9,969.5519999999999
202310,1,12,2938.6559999999995
202211,3,9,1145.6039999999998
202104,1,11,2290.2000000000003
202307,1,19,2083.6200000000013
202104,1,1,2332.332
202211,3,5,665.1959999999999
202202,3,14,823.812
202104,3,3,822.0
202307,2,13,1128.6
202208,2,10,1499.0039999999997
202211,3,19,780.0959999999999
202107,2,15,1083.9719999999998
202308,1,7,2418.696
202110,3,17,1101.2279999999998
202301,2,15,1540.74
202405,3,17,1025.076
202101,2,18,50.58
202109,3,4,534.6959999999999
202401,1,16,2568.648000000001
202302,3,6,841.272
202210,1,2,2925.9959999999987
202110,2,7,1766.6760000000002
202301,3,19,1273.992
202101,3,19,76.116
202402,3,12,781.8839999999999
202212,3,6,929.688
202211,2,4,1261.8839999999998
202208,3,8,1302.336
202206,1,12,2542.2239999999993
202308,3,12,904.596
202104,1,5,2237.448
202205,2,17,1486.0439999999999
202307,3,10,749.0279999999998
202103,1,9,2795.159999999999
202202,1,15,2057.6039999999994
202210,1,3,2522.9880000000007
202208,3,17,1057.344
202401,3,4,1418.2920000000001
202407,1,7,1855.5119999999997
202404,1,19,2784.924
202210,3,2,752.796
202403,2,9,1221.0359999999998
202203,3,14,1009.8119999999999
202308,1,5,2574.228
202111,2,8,1524.348
202308,3,14,916.9799999999998
202201,2,12,1455.3959999999995
202202,1,11,1716.48
202109,3,9,1147.3559999999998
202210,2,5,1395.204
202309,3,6,607.9800000000001
202104,3,4,816.4439999999998
202207,3,9,900.4680000000001
202112,1,15,2693.9039999999995
202312,3,8,684.7439999999998
202101,2,2,35.808
202211,1,17,2765.676
202308,1,9,2268.8399999999997
202111,3,10,735.1919999999999
202312,3,16,749.136
202102,1,13,1835.1240000000005
202202,3,11,997.056
202405,3,15,1053.888
202103,1,6,1696.5479999999993
202204,1,7,2220.5279999999993
202110,2,15,1458.0000000000002
202403,1,9,2528.7360000000003
202102,2,1,1257.1080000000002
202101,3,5,57.348000000000006
202312,1,1,1887.3720000000008
202201,1,5,2509.728
202401,3,8,1094.04
202104,3,13,710.6999999999999
202406,3,5,786.5279999999999
202302,3,19,771.7079999999999
202203,1,4,1991.8559999999998
202105,1,8,2621.2200000000003
202104,2,7,1391.8319999999999
202308,1,14,2511.443999999999
202307,1,5,2597.4360000000006
202405,3,5,1263.5880000000002
202301,2,10,969.7800000000001
202207,1,17,2274.2879999999996
202206,2,14,1243.9799999999998
202204,1,2,2350.6079999999997
202404,1,1,2217.84
202312,1,16,2985.563999999999
202105,2,15,1276.896
202205,2,8,1918.3439999999991
202105,2,3,914.4119999999999
202403,3,18,1022.1599999999999
202209,1,8,2415.888
202105,2,17,1818.8519999999996
202307,1,9,2097.384000000001
202206,3,16,1215.8279999999995
202405,2,6,1275.9479999999999
202401,1,11,3381.0599999999995
202407,2,15,774.5879999999999
202405,2,1,1602.168
202403,3,19,934.2959999999998
202302,3,2,1133.4360000000001
202312,3,18,1044.024
202207,1,3,2586.18
202203,2,9,1181.8919999999998
202404,3,5,918.7679999999999
202402,1,16,2171.6519999999996
202302,2,4,1045.3319999999999
202401,2,5,1746.7320000000002
202309,2,15,1724.3040000000003
202304,2,2,1356.312
202406,1,1,2207.1120000000005
202405,2,10,1602.9959999999999
202311,2,8,1714.356
202311,1,6,2187.3000000000006
202405,1,9,2482.512
202212,3,16,1019.0760000000001
202306,2,18,1265.7120000000002
202304,1,5,3137.6880000000015
202105,3,1,681.1919999999999
202407,2,12,837.1320000000002
202107,1,17,2562.107999999999
202406,2,12,1090.7879999999998
202208,1,6,2108.0759999999996
202304,2,19,1512.3840000000002
202101,2,11,245.772
202303,2,15,1470.0959999999995
202201,3,1,1168.62
202403,1,18,2290.6799999999994
202112,3,17,1040.5079999999998
202110,1,2,2262.708
202106,2,15,1336.644
202105,1,6,2325.7199999999993
202102,1,5,2279.424
202402,3,15,942.3840000000001
202208,3,16,1106.1000000000001
202107,2,18,1149.996
202208,1,9,2752.0679999999993
202203,3,8,550.0440000000001
202301,1,6,2345.412
202302,1,15,2626.6919999999996
202204,1,14,2321.4959999999996
202311,1,16,2634.288
202101,2,13,58.008
202402,1,8,2219.4120000000003
202106,3,17,897.2159999999999
202203,3,12,1268.2559999999996
202103,3,3,1073.1959999999997
202208,2,16,1534.4879999999994
202103,2,11,1300.908
202110,1,11,2316.2999999999997
202311,3,10,796.2959999999999
202212,2,4,1478.952
202108,2,1,1944.0479999999995
202308,2,8,1518.18
202303,3,2,882.7440000000003
202110,3,6,1061.88
202102,1,18,2403.216
202301,1,2,2357.855999999999
202105,3,13,1000.8839999999999
202308,3,18,781.3679999999998
202204,2,7,1632.3600000000008
202103,3,1,962.8319999999999
202405,2,8,1153.6439999999998
202206,3,3,691.3440000000002
202302,2,7,896.7959999999999
202302,1,19,2304.7559999999994
202201,3,8,661.428
202212,3,9,670.524
202103,3,2,1047.204
202207,2,17,1187.04
202310,1,7,2178.84
202203,1,19,2103.3959999999997
202308,3,11,471.02399999999994
202208,3,1,1217.004
202201,3,6,907.848
202202,2,17,1364.3400000000004
202302,1,14,2861.9399999999996
202302,1,3,2051.7119999999995
202309,1,13,2591.2679999999996
202307,1,11,2276.6399999999994
202210,3,19,1045.3559999999998
202206,3,7,694.2239999999999
202105,2,12,1533.3600000000001
202406,1,10,1956.9960000000003
202401,1,19,2378.064
202401,1,15,2015.448
202104,3,17,906.66
202306,3,7,859.1999999999999
202207,2,16,1613.952
202403,3,13,782.7719999999999
202301,2,5,1484.712
202407,3,13,1032.8519999999999
202111,3,19,659.064
202204,2,5,1389.228
202102,3,3,826.8960000000001
202206,1,19,2352.2160000000003
202108,2,13,1111.848
202104,3,11,536.388
202407,1,4,1931.5079999999996
202301,3,16,1079.076
202211,2,2,1261.224
202303,2,18,1383.72
202311,2,19,1679.256
202401,3,16,795.3
202202,2,11,1201.536
202402,1,17,2435.136
202210,2,7,1280.5679999999998
202202,3,17,1187.04
202203,1,6,2655.3959999999997
202305,1,16,2513.1239999999993
202207,3,5,957.9359999999999
202310,2,13,1182.4199999999998
202307,2,9,1651.1639999999998
202211,2,10,1384.896
202205,3,12,745.3919999999999
202304,3,12,718.332
202308,1,1,2229.648
202309,3,1,774.1800000000001
202201,2,18,1494.8999999999999
202201,3,2,914.892
202202,3,3,851.4839999999999
202107,1,14,2733.636
202307,1,2,2272.2840000000006
202205,3,1,947.3040000000001
202311,2,5,1522.4639999999997
202310,2,15,1798.6079999999993
202209,2,15,1234.2480000000003
202402,3,10,873.6000000000001
202208,1,7,2768.232
202405,3,10,775.968
202305,3,3,873.12
202111,1,15,2760.1319999999996
202309,3,18,698.064
202305,2,10,1599.204
202309,1,2,2461.8840000000005
202312,1,3,2818.0079999999994
202311,3,4,824.0039999999998
202104,3,19,1206.084
202207,3,7,871.248
202401,1,14,2483.6400000000003
202308,3,10,1369.8120000000006
202211,1,4,3510.480000000002
202206,1,14,2035.6679999999997
202305,2,14,1366.764
202301,2,9,1419.1080000000002
202105,2,13,1507.8719999999998
202306,3,18,1303.3319999999999
202304,1,14,1913.712
202112,2,18,1132.7159999999997
202407,3,8,1018.1279999999999
202303,2,17,1365.3
202208,2,15,1368.54
202205,3,3,1433.8679999999997
202208,2,3,1652.04
202109,1,7,2540.1480000000006
202303,3,4,844.6199999999999
202106,1,7,2370.012
202407,3,18,492.41999999999985
202104,3,18,854.9520000000001
202309,1,11,2234.064
202201,2,5,1711.2839999999994
202306,1,6,1883.7599999999998
202201,1,14,1769.7120000000002
202304,1,19,1696.7280000000003
202312,3,10,803.712
202307,2,19,1635.9479999999996
202209,2,2,1305.24
202406,1,11,2706.8159999999993
202212,1,11,2999.6999999999994
202407,2,19,716.1839999999999
202406,1,14,2427.168
202402,2,18,1785.42
202302,2,1,1077.372
202209,3,4,790.9799999999999
202111,1,7,2184.54
202211,1,6,1899.7319999999995
202105,3,7,1041.6599999999999
202312,1,2,1718.5199999999998
202306,2,11,1643.5679999999995
202309,1,3,2555.3520000000003
202211,3,12,1299.2279999999998
202201,2,9,1027.164
202208,1,1,2394.576
202105,1,10,2389.308
202211,1,15,2757.9359999999997
202203,3,13,1344.8639999999998
202401,2,12,1673.148
202108,1,13,2411.6039999999994
202111,1,8,2316.707999999999
202202,2,18,1016.352
202307,2,10,1591.776
202211,3,17,987.2519999999998
202101,1,1,168.22799999999998
202405,3,13,996.2040000000001
202309,3,12,999.9239999999998
202106,3,13,939.0360000000001
202206,2,4,1034.856
202404,1,11,2142.756
202302,1,9,2106.7679999999996
202109,3,10,1185.7439999999995
202110,1,10,2683.092
202105,1,1,2311.86
202205,1,10,2716.8600000000006
202204,2,4,1788.5520000000004
202108,1,14,2481.0840000000007
202310,1,14,2376.276
202211,1,16,2202.5759999999996
202109,1,10,2626.524
202111,1,3,2236.0319999999997
202311,1,1,1992.0000000000007
202305,1,19,2559.468
202202,1,17,2010.96
202110,3,14,721.5119999999998
202406,2,1,1349.4600000000003
202302,2,6,888.2640000000001
202306,3,5,1131.9359999999997
202306,3,9,577.044
202203,2,11,1687.6439999999998
202112,1,18,2625.7439999999992
202309,3,10,977.844
202312,1,9,2281.692
202109,1,15,3313.5240000000017
202104,3,14,1084.26
202303,3,10,1158.252
202303,1,19,2818.9320000000002
202406,1,5,2235.648
202303,2,7,1554.48
202404,3,17,955.416
202310,1,16,2454.8639999999987
202303,3,7,950.1239999999999
202201,2,13,933.1440000000001
202212,2,7,1138.5120000000002
202406,2,18,1719.2040000000004
202203,3,5,1129.5359999999998
202111,3,13,1103.436
202208,3,14,936.936
202404,2,11,1522.86
202304,2,11,1080.192
202303,1,15,2332.5120000000006
202103,3,18,842.8559999999999
202211,2,1,1412.988
202102,3,15,1322.724
202407,1,15,1261.176
202205,2,16,1545.012
202309,2,12,1276.2599999999995
202205,3,17,1021.4759999999999
202106,1,1,2622.3119999999994
202203,2,3,1253.8080000000002
202308,1,2,2741.015999999999
202110,3,19,1055.28
202201,1,1,2322.8399999999992
202109,2,7,1421.9759999999999
202104,1,13,1711.968
202307,3,16,750.6599999999997
202301,1,11,2285.5559999999996
202303,3,6,1069.44
202407,3,14,442.752
202206,1,2,1936.9680000000003
202307,2,1,1088.5079999999998
202309,1,18,2211.2519999999986
202401,2,14,1007.916
202204,3,6,1116.192
202401,2,9,752.2799999999999
202102,2,12,1392.312
202212,2,15,1708.752
202310,3,12,912.9720000000001
202206,2,5,1758.948
202407,2,2,932.4840000000002
202402,2,17,1560.923999999999
202206,3,1,1237.2
202101,2,1,119.616
202309,1,14,3430.1639999999998
202112,3,6,1195.9679999999998
202211,3,2,1487.0279999999998
202307,2,16,1619.2079999999999
202109,1,5,2548.788000000001
202212,1,19,2337.408
202109,1,2,2370.7079999999996
202109,2,3,1591.9919999999997
202210,3,3,1377.1079999999995
202204,1,17,1714.632
202108,2,10,1717.2599999999995
202207,3,15,998.3159999999999
202307,2,7,1597.2119999999998
202303,3,12,680.7599999999999
202208,3,4,1203.36
202102,3,7,1100.0159999999998
202107,1,15,2161.308
202211,2,3,1343.064
202209,2,10,1071.7319999999997
202101,1,19,91.41600000000001
202111,1,11,2132.628
202310,1,1,2221.98
202108,1,10,2789.52
202206,3,14,771.9
202102,3,17,985.02
202212,2,17,1344.54
202103,3,4,647.52
202105,2,6,1624.1760000000002
202107,2,9,2088.1079999999997
202103,1,3,2141.928
202107,1,8,1801.619999999999
202102,1,12,1987.1159999999998
202202,2,14,1376.5080000000005
202301,2,4,1804.0800000000002
202103,2,9,1362.7560000000003
202108,1,7,2109.96
202202,2,4,1455.6240000000003
202103,2,6,1833.864
202310,3,14,1100.2920000000001
202206,2,19,1026.036
202110,1,5,2121.0119999999997
202302,2,10,1250.3759999999997
202112,2,10,1484.364
202403,2,5,1014.9479999999999
202311,1,7,2629.8959999999997
202404,3,12,938.004
202202,3,16,729.3359999999999
202101,1,4,66.948
202309,3,8,1008.7439999999999
202307,2,14,1582.6919999999998
202303,1,13,1713.1559999999995
202207,3,16,410.37600000000003
202403,2,19,1366.1879999999999
202109,1,3,2618.3279999999995
202205,2,15,1127.1239999999996
202401,3,1,768.4079999999999
202308,1,8,2612.6879999999996
202109,2,17,1313.8799999999999
202309,2,13,1689.0480000000005
202109,3,19,859.536
202403,3,16,1309.584
202205,3,2,1002.192
202101,1,17,82.056
202407,3,10,388.1760000000001
202302,1,2,2600.148000000001
202407,2,6,1054.2839999999999
202307,3,18,967.6200000000001
202103,1,16,2442.516
202107,2,14,2054.0879999999997
202405,3,16,837.2520000000001
202109,2,10,1747.608
202403,1,4,2971.44
202101,3,17,19.595999999999997
202108,2,4,1279.0439999999999
202103,3,16,562.512
202209,2,12,1567.896
202212,3,19,832.9799999999998
202310,3,3,851.0400000000001
202305,1,18,2239.2959999999994
202102,3,12,790.092
202403,1,10,2785.547999999999
202306,3,4,1141.1039999999998
202206,1,16,2335.0199999999995
202107,1,16,2523.3959999999997
202402,2,2,1533.8639999999998
202404,3,18,1107.42
202104,3,5,1014.4919999999997
202212,2,18,1194.912
202208,1,2,2495.783999999999
202108,2,9,1357.1039999999998
202203,2,15,1261.1279999999997
202111,1,2,2424.828
202206,1,1,1910.9879999999996
202312,2,13,1492.8600000000001
202212,3,5,1267.212
202402,3,8,1011.9719999999998
202407,1,2,1374.9479999999999
202310,1,15,2865.384
202305,1,4,2228.772
202106,3,7,1134.276
202101,1,3,44.772
202407,2,7,1259.7839999999997
202404,3,14,1042.6680000000001
202211,1,9,2207.0160000000005
202205,2,18,1156.224
202302,1,6,1692.804
202210,2,14,1928.6400000000003
202208,3,19,927.7679999999998
202207,1,12,2887.02
202108,1,11,2247.8999999999996
202305,2,19,1182.9000000000003
202307,1,12,2444.6279999999997
202205,1,8,2268.3000000000006
202208,2,18,1181.82
202406,1,17,2278.716000000001
202310,3,17,770.2679999999999
202312,2,5,1686.6840000000007
202208,3,15,1011.348
202404,2,17,1643.7959999999998
202304,1,12,1980.9
202112,2,1,1102.3920000000003
202404,1,9,2316.4559999999997
202210,3,10,1298.1720000000003
202207,2,1,1352.6160000000002
202107,1,4,2294.664
202106,3,19,1055.184
202208,1,17,2073.4199999999996
202210,3,15,983.208
202109,3,7,670.524
202311,3,16,597.8760000000001
202303,1,11,2322.252
202203,1,1,2461.6079999999997
202308,3,2,710.6759999999998
202204,3,15,1155.9599999999998
202211,1,8,2338.44
202110,2,19,1619.7719999999997
202203,3,7,1059.8760000000002
202201,2,14,1350.828
202111,1,1,2841.995999999998
202212,3,18,843.8399999999999
202204,3,11,1162.404
202310,2,8,1169.4599999999998
202301,1,5,1894.3680000000008
202202,1,3,1882.356
202210,3,8,1101.072
202306,3,13,740.7479999999999
202211,2,14,1173.552
202308,3,8,831.552
202211,2,15,1469.1
202312,1,5,3106.944
202104,2,17,1204.284
202205,3,14,756.5759999999997
202212,1,6,2485.4519999999998
202302,1,17,2197.343999999999
202112,3,11,650.2680000000001
202112,2,6,1329.5159999999998
202401,2,10,1494.2399999999998
202305,3,4,1150.9319999999998
202201,3,5,1307.076
202104,1,18,2186.3039999999996
202304,3,9,1048.896
202308,2,2,1549.3080000000002
202112,2,12,1382.9039999999998
202301,2,19,1420.3680000000002
202401,3,14,876.72
202405,1,18,2590.776
202103,2,3,1184.5200000000002
202405,1,14,2855.712
202402,3,19,1251.54
202207,1,4,2162.9999999999995
202201,2,16,2073.7080000000005
202201,1,13,2038.2239999999993
202403,2,16,1250.6999999999996
202309,2,18,1507.5000000000005
202406,1,7,2530.7759999999994
202109,2,13,1936.8840000000005
202106,1,18,2944.3799999999997
202105,3,19,1133.4719999999998
202309,3,13,806.244
202309,2,11,1422.6
202406,3,15,1091.4719999999998
202103,3,15,972.9719999999999
202311,2,6,1604.5440000000003
202212,3,4,952.9559999999999
202303,1,1,2818.4520000000007
202302,2,19,1120.9920000000002
202407,1,18,1912.0679999999988
202208,3,7,1111.692
202309,2,6,1619.532
202303,2,14,1624.416
202307,3,8,1332.2880000000002
202304,2,1,1631.2560000000003
202201,2,15,1237.428
202208,3,18,972.4920000000001
202311,2,3,1342.332
202301,3,5,1159.02
202112,2,8,1643.7599999999995
202111,3,16,442.81199999999995
202103,1,14,2594.6519999999996
202404,3,19,696.408
202311,2,17,1206.0119999999997
202311,2,15,1440.1080000000004
202206,3,9,748.8960000000001
202405,1,19,2394.024
202209,1,17,3066.7799999999993
202108,2,7,1226.8919999999998
202311,2,18,1277.5200000000004
202303,1,16,2608.656
202402,1,13,2160.7679999999996
202209,1,9,2393.868
202207,2,19,1626.54
202402,1,9,2376.156
202211,1,18,2215.7400000000007
202406,2,16,1048.284
202306,2,14,1497.0240000000001
202305,1,12,2797.0919999999996
202402,3,11,787.0079999999997
202312,2,1,1423.1039999999998
202306,1,16,2267.4480000000003
202207,2,10,1646.9279999999994
202203,2,5,1585.4879999999994
202302,2,14,1284.1319999999998
202211,1,1,1442.8439999999998
202206,1,13,2207.6040000000003
202303,3,19,755.7959999999999
202201,3,16,890.628
202402,3,1,680.4839999999999
202209,2,13,1786.3079999999995
202407,2,9,1510.0319999999995
202108,1,5,2571.3959999999993
202204,2,9,1983.024
202405,3,19,963.1439999999997
202206,1,11,1794.7320000000004
202111,3,6,770.604
202405,3,6,873.3120000000001
202205,2,6,1417.212
202106,1,8,2668.4399999999996
202309,1,9,2338.656
202208,1,12,2538.515999999999
202209,1,15,2341.7879999999996
202307,3,14,722.4119999999999
202202,3,8,785.4000000000001
202203,1,16,2611.0560000000005
202102,3,18,873.0479999999999
202405,1,12,2892.6120000000005
202301,3,3,682.1159999999999
202210,1,5,2149.6319999999996
202303,1,14,2174.928
202312,1,18,2953.5599999999986
202312,1,15,2664.1559999999995
202204,3,1,839.3400000000001
202301,3,11,1152.4319999999998
202208,3,13,937.4999999999998
202110,2,2,1274.304
202401,3,2,875.2679999999999
202304,3,4,1034.856
202403,3,10,1369.3919999999998
202310,2,9,883.92
202304,2,7,1463.6159999999998
202310,3,8,998.5919999999998
202406,3,6,792.9839999999998
202109,1,16,2332.9439999999995
202301,2,18,1758.5880000000002
202102,2,9,1146.5399999999997
202309,1,17,1653.228
202307,3,13,539.0400000000001
202306,3,16,712.3320000000001
202205,1,5,2313.5879999999997
202109,2,4,1599.0600000000002
202407,1,13,2177.424
202105,2,1,1682.82
202312,2,18,1485.5879999999997
202403,1,8,2916.8159999999984
202111,2,4,1416.9359999999997
202403,2,3,1602.0960000000007
202101,2,17,14.639999999999999
202304,2,16,1665.528
202207,2,4,1900.452
202206,1,7,2214.2879999999996
202109,3,15,704.4599999999998
202303,2,3,1609.8240000000003
202306,3,6,814.2479999999999
202405,3,7,1003.9080000000001
202306,1,19,2365.8600000000006
202112,2,15,1294.212
202103,1,2,2892.8879999999995
202211,1,10,2181.516
202301,1,10,2669.5200000000004
202402,3,13,573.6
202205,3,7,772.2839999999999
202111,3,14,1086.912
202105,1,2,2802.0480000000002
202105,3,12,817.2959999999999
202406,2,11,1643.1120000000005
202210,2,11,1738.56
202401,1,12,2205.8400000000006
202306,2,17,1568.9520000000002
202205,2,14,1160.4719999999998
202309,3,19,947.5319999999998
202402,1,6,2641.1520000000005
202210,3,5,1109.652
202201,2,19,1242.552
202212,2,2,1438.0559999999998
202105,2,2,1062.9360000000001
202103,1,11,2289.576
202401,3,17,872.208
202204,1,11,2914.6320000000005
202105,3,6,1055.244
202405,2,9,1483.2480000000003
202102,2,5,1348.3439999999998
202306,1,15,2412.696000000001
202308,2,15,1453.4760000000003
202107,3,11,921.0480000000001
202308,3,6,691.2600000000001
202309,2,16,1685.1479999999997
202306,1,7,2127.2160000000003
202302,3,4,682.656
202308,1,10,2467.02
202111,2,13,1642.4640000000002
202212,2,10,1807.4640000000002
202311,3,12,854.4
202212,1,9,2571.696
202205,3,13,676.44
202301,3,4,615.156
202201,3,15,1258.8239999999998
202306,3,2,1142.4959999999999
202305,2,6,1414.632
202201,3,10,657.3119999999998
202405,3,4,624.2280000000001
202403,1,15,2688.0239999999994
202307,1,15,1878.408
202302,2,3,920.0520000000001
202207,2,9,1239.468
202104,3,15,616.8959999999998
202308,2,7,1504.8839999999996
202312,3,5,1072.8600000000001
202401,3,3,651.876
202306,2,13,1362.54
202305,2,11,1690.0200000000002
202405,1,2,2764.5480000000002
202112,2,16,1637.7479999999994
202406,2,4,1253.9880000000003
202311,1,17,2353.6559999999995
202201,1,12,2374.02
202108,3,13,936.1199999999999
202102,1,16,2817.552
202206,2,16,904.4280000000003
202107,2,10,1127.844
202101,2,9,52.931999999999995
202312,3,17,1207.56
202311,3,13,1090.5480000000002
202305,1,3,2656.9559999999997
202212,1,3,2712.912
202211,2,13,1314.1920000000002
202405,1,1,2299.5960000000005
202102,1,8,2312.868
202111,3,7,922.3199999999999
202109,1,1,1818.4679999999996
202403,2,10,1749.144
202302,2,13,1377.8279999999997
202207,3,2,1049.532
202102,3,14,1197.1680000000001
202309,3,4,871.6920000000002
202108,1,4,2414.6160000000004
202111,2,7,1241.0159999999998
202209,2,6,1367.4600000000003
202210,1,14,2394.96
202307,3,7,880.3440000000002
202212,3,7,1483.9919999999997
202205,2,3,1483.9319999999998
202304,1,17,2832.8279999999995
202201,3,3,1086.972
202203,1,9,2818.536
202208,1,4,2005.2000000000005
202112,1,6,2166.6480000000006
202401,2,18,1241.832
202204,1,10,1971.5519999999992
202210,1,4,2477.8799999999997
202104,3,1,1048.2719999999997
202105,3,15,718.092
202208,2,11,1824.588
202105,1,5,2621.292
202402,3,5,603.2280000000001
202402,1,2,2304.204
202207,3,13,1253.016
202202,1,6,2536.9919999999993
202304,2,5,1438.7520000000002
202106,2,16,1254.108
202111,3,9,941.7479999999999
202212,1,14,3055.3560000000007
202201,2,6,1563.3239999999994
202108,1,16,2133.8639999999996
202405,2,5,1733.4599999999996
202210,1,7,2369.448000000001
202406,2,13,1451.8439999999998
202401,2,13,1883.9159999999997
202406,2,2,1408.3799999999999
202407,1,16,2201.867999999999
202402,3,2,1015.0919999999999
202202,1,7,1986.4560000000004
202402,3,9,1020.696
202211,2,8,1535.2799999999997
202111,2,10,1779.312
202210,2,1,1537.5
202404,1,10,2650.560000000001
202205,2,1,1442.448
202104,2,1,1429.8359999999996
202311,1,19,2407.5
202206,2,3,1583.592
202210,1,17,2885.2679999999996
202407,1,5,1615.836
202203,3,9,853.824
202202,2,1,1590.1559999999997
202108,1,18,2789.244000000001
202103,1,5,1823.856000000001
202205,2,10,1187.28
202204,1,5,2250.12
202205,2,11,1727.832
202305,2,9,1634.796
202211,1,11,1971.3959999999993
202301,3,15,1082.268
202407,1,17,1724.6520000000003
202207,1,6,2616.191999999999
202212,1,7,3499.9439999999986
202202,2,3,1175.3640000000003
202209,1,19,3072.6480000000015
202201,1,2,2728.6799999999994
202108,3,18,1084.344
202308,3,19,846.3000000000003
202307,2,18,1309.4039999999998
202301,3,7,1055.4479999999996
202206,3,4,776.7240000000003
202207,2,3,1911.5639999999999
202207,1,10,2533.0080000000007
202103,3,7,792.7919999999999
202206,3,6,726.4560000000001
202112,3,9,1147.296
202407,3,11,463.248
202212,1,13,1842.9959999999999
202311,3,18,896.5440000000001
202111,1,17,2539.0680000000007
202404,1,13,2480.676
202304,3,2,1044.54
202110,1,16,2598.6119999999996
202211,3,15,1031.6160000000002
202109,2,9,1684.1519999999998
202405,2,3,1596.7199999999998
202105,1,4,2392.0559999999996
202104,2,4,1823.3999999999996
202308,2,14,1300.2239999999997
202112,1,13,2700.6839999999997
202109,1,13,2474.039999999999
202103,3,17,833.7839999999999
202208,1,15,2158.68
202105,1,13,2468.7360000000003
202402,2,15,1029.5400000000002
202407,2,1,895.1640000000003
202205,1,17,2596.644
202309,3,9,1208.1479999999997
202312,1,11,2777.2199999999993
202108,2,3,1463.4359999999997
202203,3,11,724.824
202211,2,17,1327.764
202105,3,16,1072.332
202302,1,11,1883.6879999999996
202401,2,7,1695.468
202210,1,1,2388.3959999999993
202110,3,12,510.8759999999999
202404,2,15,1602.912
202312,1,4,2432.244
202201,1,6,2280.084
202211,1,3,2377.968
202403,1,1,2462.1
202306,1,17,2433.192
202202,2,9,1356.06
202407,2,14,1426.8119999999994
202106,3,9,753.384
202211,3,1,792.744
202107,3,15,735.072
202111,2,6,1255.968
202303,3,5,792.588
202406,2,8,1497.456
202304,1,18,2148.5880000000006
202108,1,19,2486.016
202307,1,7,2211.803999999999
202209,3,18,1046.064
202105,1,18,2489.4839999999995
202404,3,9,573.96
202310,3,6,979.4039999999999
202102,3,1,921.7800000000001
202104,2,18,1389.708
202406,1,6,2767.0080000000003
202309,3,14,727.9199999999998
202405,2,15,980.2440000000001
202203,1,7,2833.4280000000012
202208,1,19,3368.2439999999992
202312,2,4,1513.6799999999998
202401,3,5,995.0879999999999
202106,3,16,1202.88
202111,3,15,959.232
202106,3,18,531.0
202209,3,14,863.2080000000002
202303,1,5,2464.560000000001
202112,2,11,1417.3799999999999
202306,2,15,1312.836
202110,3,10,999.2040000000002
202404,3,3,1111.4159999999997
202208,3,2,1306.9799999999996
202306,1,1,3081.4799999999996
202107,2,2,1435.3080000000002
202101,3,15,16.247999999999998
202406,1,18,2518.6080000000006
202308,1,17,2180.1719999999996
202208,1,5,2571.5040000000004
202310,1,9,2147.388
202108,1,15,2931.3479999999986
202203,1,13,2140.8479999999995
202108,3,10,1162.7519999999997
202107,3,16,1085.5320000000002
202207,1,19,2851.6799999999985
202311,3,19,514.0559999999999
202312,3,15,1519.572
202111,2,1,1383.6119999999999
202401,2,17,1414.3079999999993
202309,1,19,2440.968
202208,2,4,1627.26
202112,2,4,1272.84
202403,2,13,1379.4120000000005
202310,1,17,2459.592
202306,3,1,601.128
202205,2,2,1122.5639999999999
202110,1,14,2482.3199999999997
202206,3,11,1046.8679999999997
202104,2,8,1523.2799999999997
202110,1,9,1855.3559999999995
202204,2,11,1312.5959999999995
202406,3,8,793.4279999999998
202101,3,13,108.20399999999998
202101,2,7,54.74399999999999
202303,2,13,1768.488
202406,2,10,1168.968
202201,2,11,1617.7079999999999
202204,1,4,2022.18
202209,2,17,1261.836
202310,1,8,2532.071999999999
202212,1,1,2447.616000000001
202312,2,16,1572.4440000000004
202403,3,4,1063.4399999999998
202207,2,2,1208.304
202305,1,6,2294.3640000000014
202310,3,11,1073.9879999999998
202209,1,12,2663.5919999999996
202105,3,18,1248.264
202305,1,17,2427.444
202310,3,4,876.852
202105,1,15,2541.2999999999993
202112,1,3,2310.9480000000003
202406,3,11,994.9319999999998
202301,3,12,1403.988
202310,2,2,2092.776
202112,3,3,1036.116
202107,1,1,2417.1599999999994
202101,3,6,43.248
202310,3,9,926.2199999999998
202312,2,12,1616.604
202203,2,4,1230.5040000000001
202103,2,2,1332.372
202302,1,4,1523.6759999999997
202203,3,17,1011.756
202112,2,5,1232.484
202211,2,16,1483.068
202309,2,3,1636.8239999999994
202106,3,15,534.7439999999999
202404,2,14,1426.8839999999998
202109,1,11,3308.903999999998
202208,2,9,1367.8439999999998
202406,2,5,1895.3520000000005
202212,3,11,1035.96
202310,2,4,949.1280000000002
202204,1,6,2372.784
202405,1,13,2365.0559999999996
202306,2,16,1452.0359999999996
202301,2,13,1579.176
202106,2,17,1491.6360000000002
202210,2,8,1073.2440000000001
202304,2,3,1302.1799999999998
202301,2,16,1856.7240000000006
202101,3,18,48.9
202306,1,5,2753.3279999999995
202108,1,6,2682.384
202110,1,18,2149.908
202103,3,14,1003.9559999999997
202101,3,16,9.036
202110,1,8,2288.472
202402,2,6,1236.5759999999998
202109,1,9,2088.912
202204,3,12,913.5479999999997
202306,2,6,1180.1040000000003
202110,2,3,1630.5
202401,1,5,2748.6839999999997
202206,1,17,2301.168
202202,3,1,574.9679999999998
202202,2,2,1844.4599999999998
202105,2,19,1429.956
202210,3,6,1096.8839999999998
202209,3,6,987.8280000000002
202111,2,16,970.188
202308,1,4,2311.2959999999994
202308,1,19,2473.908000000001
202202,1,16,1871.2320000000004
202402,2,7,1343.4239999999998
202201,2,4,1199.376
202311,1,18,2298.1319999999996
202308,3,17,1107.888
202407,1,12,1685.8559999999998
202107,3,4,1291.8239999999998
202312,3,3,803.28
202106,2,7,1085.9759999999999
202310,3,19,986.5919999999998
202305,1,9,2203.2240000000006
202301,3,13,835.716
202204,1,1,2861.6879999999996
202108,3,19,1399.044
202306,1,4,2054.7960000000003
202303,1,9,3114.0960000000005
202202,3,12,770.0400000000001
202312,3,2,1012.9199999999998
202212,1,15,2705.472
202110,2,16,1444.3799999999999
202310,1,13,2396.832
202202,1,13,2208.0240000000003
202210,3,12,803.5919999999998
202111,3,1,661.8
202212,3,15,1413.7679999999998
202310,1,3,2555.4240000000004
202112,1,5,2055.276
202104,2,14,989.8320000000001
202309,3,17,904.6080000000001
202302,3,18,1020.5159999999998
202105,1,12,2461.644
202204,3,7,1267.2599999999995
202110,2,8,1776.3120000000001
202404,3,10,740.8439999999998
202102,3,4,687.8399999999999
202112,3,8,1010.5319999999997
202311,1,9,2269.811999999999
202304,2,4,1685.9039999999995
202106,1,17,2359.212
202102,2,15,1492.9439999999997
202212,1,4,2482.9200000000005
202212,1,18,2008.7759999999998
202304,2,9,1777.4519999999998
202202,3,9,885.9119999999999
202207,2,18,1398.0120000000002
202201,1,18,1964.0279999999998
202105,2,7,1025.94
202208,3,5,1268.904
202205,1,16,2901.131999999999
202401,2,16,1267.752
202306,2,1,1381.356
202308,2,10,1219.6799999999998
202306,2,5,1223.1480000000001
202306,3,15,1006.8959999999998
202406,1,9,2450.123999999999
202312,2,19,1443.024
202308,2,17,1637.5320000000004
202405,1,7,2785.368000000001
202404,2,5,1527.7800000000004
202106,1,12,2408.6159999999995
202102,2,10,1465.7160000000006
202209,1,11,3276.1319999999982
202311,2,7,1366.032
202204,2,16,1485.12
202306,1,2,2608.0679999999993
202301,3,9,786.876
202104,3,12,655.032
202111,2,15,1867.212
202305,1,10,1982.8319999999999
202202,2,8,1705.3079999999998
202312,1,8,2883.396
202208,1,18,2867.088
202305,3,2,1212.2759999999996
202107,1,6,2543.1599999999994
202312,2,17,1593.2880000000002
202103,2,17,1594.3200000000002
202201,3,13,1372.488
202311,3,3,957.564
202304,3,15,877.032
202307,1,14,2817.6479999999983
202304,1,13,3154.4640000000018
202209,3,2,534.78
202403,3,9,900.1440000000002
202403,2,7,1678.7039999999995
202311,2,10,1302.9360000000001
202306,1,8,2453.16
202303,1,4,2907.7439999999983
202103,2,10,1611.9600000000003
202203,2,12,1478.0160000000003
202311,3,8,700.4039999999999
202109,2,12,1125.8760000000002
202204,2,19,1672.56
202302,1,10,1634.3759999999997
202102,3,11,901.6079999999997
202403,2,18,1600.5720000000008
202308,2,6,1215.336
202107,1,13,2498.8440000000005
202211,3,10,1331.796
202310,1,19,2757.12
202207,2,8,1805.496
202405,1,3,2069.352
202308,3,9,855.24
202304,3,7,1094.88
202310,3,2,875.028
202112,3,18,974.952
202304,3,6,1003.416
202211,3,11,993.732
202407,3,1,597.792
202308,2,16,1630.056
202205,1,18,1820.8800000000003
202107,2,5,982.5600000000001
202406,2,14,1305.636
202308,2,9,1658.136
202209,3,8,1031.016
202304,1,3,2181.551999999999
202101,1,8,152.472
202405,1,10,2256.672
202309,1,1,1806.4439999999997
202307,2,4,1861.5359999999998
202203,1,10,2446.2120000000004
202209,2,4,1735.1399999999996
202301,1,17,2158.919999999999
202209,1,13,2278.8599999999997
202101,1,10,75.42
202406,1,8,2470.1279999999992
202209,3,5,927.2880000000001
202109,3,13,779.7239999999997
202407,1,14,1794.0600000000002
202405,1,17,2585.123999999999
202404,2,3,716.4479999999998
202307,2,8,2350.092
202106,2,2,1175.916
202302,2,2,1783.416
202205,2,12,1418.8079999999998
202212,3,1,1148.8080000000002
202202,1,14,2575.1519999999996
202307,1,16,2385.095999999999
202205,3,16,871.3799999999998
202107,2,3,1318.9679999999998
202109,2,8,1186.392
202401,1,17,2612.232
202305,1,11,2457.96
202102,2,13,1392.864
202307,3,17,1059.7559999999999
202303,3,8,889.5119999999998
202111,2,17,1260.5519999999997
202404,2,18,1324.0799999999997
202212,3,2,846.588
202207,1,2,2758.272
202203,2,18,1271.2920000000001
202106,3,5,474.552
202108,2,5,1520.7480000000005
202406,2,3,1115.8200000000002
202104,2,3,1280.8799999999999
202106,1,11,1934.676
202307,3,1,879.924
202402,1,15,1814.4120000000005
202305,2,15,1468.9560000000001
202406,2,9,1913.4120000000003
202407,2,18,910.2360000000001
202109,1,6,2850.3720000000003
202208,1,10,1835.1960000000001
202101,1,6,236.14800000000002
202206,3,15,1054.704
202201,1,8,1910.844
202406,2,19,1450.5359999999998
202306,3,12,1104.78
202203,1,15,3492.0479999999993
202211,2,5,1665.8639999999998
202209,1,10,2960.9400000000014
202302,2,9,1288.8600000000001
202112,1,16,2410.6679999999997
202101,1,7,143.184
202206,2,10,1829.676
202104,1,2,2280.3959999999997
202401,3,11,770.6159999999999
202107,3,12,1379.076
202111,2,9,1683.228
202308,1,16,2551.6800000000007
202210,1,19,2389.848000000001
202312,3,12,1008.072
202109,1,8,1509.396
202306,3,11,1016.4599999999999
202201,3,19,1060.092
202212,3,8,1105.1879999999999
202107,1,11,2587.1159999999995
202106,3,12,736.2359999999998
202304,2,18,1656.8760000000002
202311,3,1,789.7079999999997
202308,3,16,1565.724
202308,2,12,1348.908
202210,2,18,1262.328
202406,3,4,1135.2959999999998
202305,2,5,1888.8239999999996
202104,1,15,2340.744000000001
202102,1,1,2386.8239999999996
202309,2,5,1599.06
202304,2,10,1371.5760000000002
202105,2,8,1002.864
202307,3,15,768.168
202304,3,3,712.2000000000002
202201,2,1,2103.864
202406,1,3,2771.5560000000005
202210,3,13,1064.1
202112,2,2,1536.8160000000003
202311,2,14,1563.5520000000004
202303,2,16,1510.164
202302,2,17,1275.9720000000002
202401,3,15,964.8
202209,1,7,2585.6759999999995
202102,1,15,2085.2760000000003
202407,2,3,870.9119999999999
202205,1,11,2848.2959999999994
202304,1,10,2021.9039999999998
202206,2,6,995.4599999999999
202405,1,6,2662.6079999999997
202212,1,12,2322.7680000000005
202103,2,16,1355.8440000000003
202208,2,13,1183.632
202207,1,11,2648.3160000000007
202307,3,12,871.8839999999998
202103,3,12,1001.688
202309,2,1,1379.136
202303,1,7,2053.919999999999
202301,1,15,2718.948000000001
202305,1,5,1905.8759999999997
202404,1,18,2094.2520000000004
202108,1,9,1964.8919999999994
202309,3,2,1223.82
202208,3,12,1290.828
202212,2,19,1448.4959999999999
202205,1,14,2342.3160000000003
202403,1,2,2017.644
202310,2,16,1875.3359999999993
202407,2,11,892.4039999999999
202302,1,18,2337.8640000000005
202308,3,3,1449.5519999999997
202402,2,9,1543.8359999999996
202308,1,6,2385.1079999999997
202104,3,9,908.6039999999999
202401,3,9,1047.4440000000002
202305,2,12,935.556
202109,1,18,2259.5879999999997
202111,2,5,1232.028
202205,2,7,1991.5319999999997
202403,3,3,1082.412
202206,2,17,1405.8960000000002
202305,2,4,1362.1200000000001
202208,3,11,958.6199999999999
202207,1,14,2912.0879999999997
202107,3,5,777.9720000000001
202212,2,14,1469.9759999999997
202104,1,10,2403.204
202211,2,18,1185.0480000000002
202106,1,10,2397.984
202101,3,8,95.25599999999999
202404,2,16,1710.7319999999997
202209,2,7,1801.5480000000005
202302,2,11,1400.6400000000003
202204,2,3,1482.288
202112,3,15,1055.088
202404,1,12,2121.095999999999
202209,2,16,1343.508
202103,3,19,938.6999999999999
202104,2,13,1366.74
202201,1,4,2371.476
202304,3,1,727.7519999999998
202302,2,16,1494.312
202305,3,18,1007.2919999999999
202301,3,17,793.3919999999998
202212,2,16,1013.7239999999998
202112,3,4,803.46
202307,2,5,1415.8200000000004
202304,1,15,2244.66
202405,3,1,754.8960000000001
202407,2,17,757.62
202101,3,2,82.86
202201,1,16,2103.6
202107,1,2,2996.9280000000003
202209,3,15,1287.0360000000003
202404,2,1,1488.3480000000002
202111,1,6,2648.8560000000007
202304,3,10,773.4720000000002
202102,1,11,2117.46
202404,1,16,2036.5439999999999
202406,1,13,2333.0759999999996
202312,1,12,2578.367999999999
202111,1,12,1818.0359999999991
202111,3,12,949.4400000000002
202105,3,3,1115.5320000000002
202206,3,12,916.6199999999998
202107,2,4,1642.8960000000006
202402,1,11,2283.2519999999995
202204,1,19,2307.455999999999
202211,2,9,2047.5480000000005
202210,2,10,1551.756
202102,1,10,2123.244
202312,3,6,559.224
202312,2,14,1485.7799999999995
202107,2,13,979.656
202304,2,12,1749.4560000000004
202203,1,11,2216.7000000000007
202401,3,7,625.512
202404,2,8,1406.0999999999997
202111,2,14,1540.9920000000004
202103,2,18,1709.544
202303,1,6,2235.4559999999997
202302,1,1,2227.404
202104,1,17,2040.78
202407,2,4,1017.9119999999998
202402,3,7,1046.6399999999999
202203,3,6,1031.532
202404,2,19,1196.988
202212,3,13,991.596
202110,3,16,677.64
202204,3,16,1051.404
202403,2,6,1441.92
202207,1,9,2478.3599999999997
202107,1,12,2452.26
202103,2,7,1694.412
202210,3,16,1019.2679999999999
202311,1,15,2272.3440000000005
202309,3,3,933.036
202308,3,4,1021.1279999999999
202204,2,18,1388.9159999999997
202104,3,10,1100.4360000000001
202311,3,6,725.64
202204,2,1,1155.3120000000001
202304,1,8,2176.5480000000002
202112,3,19,1312.0679999999995
202106,1,13,2277.263999999999
202102,1,17,2457.0719999999997
202312,2,9,857.9399999999997
202303,2,6,1871.6159999999998
202104,3,16,1156.5840000000003
202105,3,4,795.072
202210,1,13,2118.924
202401,3,12,1177.092
202403,1,16,2138.4959999999996
202311,1,2,2112.648
202307,3,9,937.536
202111,1,18,2633.2079999999996
202312,3,14,1013.328
202401,2,19,1749.3479999999997
202308,1,15,2501.3399999999997
202306,3,14,759.732
202404,1,6,2664.624000000001
202107,1,5,2683.356
202106,3,14,1006.596
202109,3,18,630.384
202308,1,18,2724.876000000001
202312,1,17,1508.6759999999995
202203,3,19,1016.6399999999999
202207,3,1,1128.756
202106,1,19,2427.120000000001
202205,3,5,1140.288
202211,1,7,2497.332
202203,2,2,1498.776
202203,3,16,1100.3039999999999
202301,1,1,2815.2720000000004
202108,3,12,638.3039999999997
202303,3,16,1340.5800000000002
202307,3,3,1290.2280000000003
202206,1,9,2062.1519999999996
202111,1,16,2491.4399999999996
202109,1,17,2054.8199999999997
202207,2,13,1452.2039999999997
202405,2,18,2242.2360000000012
202311,3,15,1095.2039999999997
202304,2,13,1432.644
202105,3,5,819.9599999999999
202103,2,1,1365.7439999999995
202307,2,17,1375.7279999999998
202212,3,10,1207.704
202209,1,2,2259.996
202403,1,6,2935.1160000000004
202307,2,15,1029.4560000000001
202204,2,10,1375.9440000000002
202109,1,19,2630.232
202311,1,12,2260.2840000000006
202101,1,18,122.00400000000002
202204,3,19,724.9319999999999
202206,1,15,2437.3920000000007
202310,2,17,1394.0040000000001
202310,3,18,688.2960000000002
202209,1,16,2612.1599999999994
202208,1,13,2103.9719999999998
202111,1,13,2483.6999999999994
202107,3,6,548.016
202209,1,14,2622.0479999999993
202407,1,6,1472.844
202308,2,11,1108.8839999999998
202404,3,2,804.4799999999999
202305,3,5,979.404
202303,2,8,1448.2800000000004
202405,2,4,1428.804
202211,1,19,2776.7760000000003
202202,3,19,938.424
202403,1,12,2434.6319999999996
202212,1,16,2669.1479999999997
202209,2,18,1751.2559999999999
202407,2,5,783.4079999999999
202405,3,14,1089.66
202201,3,4,857.5559999999998
202112,1,10,2034.0239999999997
202110,2,11,1156.992
202101,1,16,52.752
202203,2,14,1336.5839999999996
202201,1,9,2834.1
202305,1,14,2487.420000000001
202306,2,12,1081.4159999999997
202310,3,16,1310.7480000000003
202207,2,5,1473.6480000000001
202210,1,11,2140.0560000000005
202107,3,18,1010.9639999999997
202211,3,14,763.2599999999999
202403,3,2,818.4719999999998
202309,2,7,1471.2240000000002
202401,1,4,2371.5960000000005
202206,1,8,2336.004
202106,1,4,1836.3719999999994
202305,1,15,2337.8280000000004
202109,2,5,1720.6080000000006
202109,2,16,1284.2759999999996
202101,1,11,89.98799999999999
202310,3,5,882.4680000000001
202309,1,12,2071.092
202308,2,4,1873.0800000000004
202210,2,15,1795.8599999999997
202104,2,9,1289.9400000000003
202103,2,12,1436.8080000000002
202310,1,11,2757.828
202304,1,7,2725.0079999999994
202103,1,8,2541.959999999999
202209,3,12,902.3879999999996
202203,1,5,2448.288
202210,3,14,906.5279999999999
202311,1,5,2407.392
202108,2,16,1276.2240000000002
202102,2,3,1395.0119999999997
202108,3,4,769.308
202309,1,15,2319.384
202209,2,14,1353.9600000000003
202201,2,10,1228.2359999999996
202404,1,17,2231.7359999999994
202106,3,8,1026.072
202204,1,13,2286.7199999999993
202107,2,7,1072.4279999999999
202403,1,14,3052.308000000002
202111,3,2,862.5479999999999
202104,2,16,1818.756
202404,2,4,1211.508
202103,1,15,2910.8040000000005
202401,1,3,2937.06
202206,2,15,1653.3360000000002
202107,2,8,1495.4159999999997
202210,2,12,1410.5759999999998
202306,2,8,1306.5720000000001
202103,2,19,1384.44
202106,1,5,1863.8639999999996
202402,1,10,2403.2760000000003
202304,1,2,2057.8199999999997
202306,3,10,911.364
202208,3,6,797.4240000000001
202106,2,18,1397.4479999999999
202103,3,10,1160.1960000000001
202401,2,15,1100.2559999999999
202206,3,17,1025.0039999999997
202103,1,19,2345.3759999999997
202404,2,9,1436.0880000000002
202307,1,4,2314.488000000001
202202,2,10,1340.0520000000004
202305,2,13,1454.244
202106,2,13,1781.1960000000001
202109,3,12,1375.2839999999997
202406,3,3,857.0279999999999
202406,3,19,792.9720000000001
202102,3,10,1149.8760000000002
202202,3,4,1077.828
202302,3,14,1217.2679999999998
202206,1,4,2478.0839999999994
202204,3,8,1213.8599999999997
202406,3,12,884.0639999999999
202106,3,10,888.24
202405,2,11,1473.9119999999996
202209,2,3,1572.5159999999998
202103,3,8,1159.4759999999999
202402,1,18,2082.143999999999
202405,3,12,661.68
202303,2,12,1340.1119999999999
202211,3,18,1026.4199999999998
202402,2,8,1537.788
202110,1,13,2754.263999999999
202402,1,5,2535.12
202404,1,3,1989.4080000000004
202311,2,2,1347.54
202109,3,3,525.12
202107,1,18,2629.1639999999998
202309,2,10,1213.032
202109,2,14,1350.3000000000002
202304,1,4,2738.3279999999995
202206,3,19,1051.3319999999999
202205,2,9,1448.2799999999997
202110,1,19,2001.516000000001
202111,2,2,1676.3759999999995
202110,3,2,961.1279999999999
202403,2,1,1596.852
202306,2,19,1368.2160000000001
202112,1,8,2303.1599999999994
202204,2,13,1292.88
202108,2,17,1271.628
202202,2,12,1136.352
202304,2,17,1236.3839999999993
202105,2,9,1478.3279999999997
202204,2,12,1442.412
202309,2,19,1699.068
202402,2,4,1463.1119999999994
202302,1,7,2169.2999999999997
202202,3,6,823.5
202107,3,8,911.7479999999999
202407,3,6,582.612
202111,2,11,1147.272
202306,1,3,2539.571999999999
202205,3,11,943.8359999999999
202208,2,1,1303.5960000000002
202112,1,4,2451.5640000000008
202202,1,10,1985.3639999999994
202312,2,2,2013.4799999999998
202306,3,17,1254.252
202201,3,18,763.884
202406,1,4,1953.0600000000004
202105,2,4,1775.4240000000004
202212,2,11,980.1719999999998
202404,1,7,2103.4680000000003
202202,2,7,1213.5599999999997
202202,3,7,713.2919999999999
202306,1,13,2751.756
202307,1,3,2512.2840000000006
202212,2,13,1217.6040000000003
202205,1,19,2195.4479999999994
202206,3,2,983.604
202206,2,13,1375.6679999999994
202204,2,14,1629.3119999999997
202202,2,13,1555.8599999999997
202307,1,17,2386.392
202305,3,7,1297.0439999999999
202202,1,1,1721.8920000000003
202110,1,7,2966.9639999999995
202107,1,19,2721.419999999999
202208,2,17,1696.5720000000003
202308,2,18,1342.8120000000001
202110,1,4,2575.14
202102,3,9,1133.1719999999998
202206,1,6,2053.4760000000006
202310,1,6,2085.9359999999997
202110,1,6,2284.0080000000003
202304,2,15,1492.8120000000001
202209,1,6,2517.7799999999993
202402,3,4,1026.18
202301,3,14,907.5480000000002
202312,1,7,2842.211999999999
202407,2,16,1012.1159999999999
202407,2,8,1123.7639999999997
202211,2,11,2094.8039999999996
202302,2,12,1657.164
202111,3,5,745.3079999999999
202212,2,5,1344.228
202205,2,19,1046.0040000000001
202310,2,1,1538.328
202401,3,6,1161.4920000000002
202306,3,8,728.4359999999999
202207,1,16,2284.763999999999
202204,1,9,2924.8800000000006
202106,1,16,2244.3840000000005
202209,1,5,2134.3680000000004
202207,2,15,1179.192
202308,2,13,1496.4239999999993
202201,3,11,752.592
202112,1,2,2708.652
202109,3,16,1005.7800000000001
202105,1,3,2093.7599999999998
202311,2,13,1176.8640000000003
202305,3,19,1163.832
202312,3,7,1225.9199999999996
202209,3,9,1459.4280000000003
202207,1,18,2141.3879999999995
202307,1,1,3069.9240000000004
202311,3,11,961.4279999999999
202110,1,15,2524.0200000000004
202102,2,7,1684.056
202311,3,14,899.3879999999998
202104,1,8,2460.0
202301,1,12,2403.276
202211,2,6,1704.3599999999997
202208,3,10,1022.6880000000002
202102,3,19,884.244
202211,1,12,1847.808
202103,3,11,912.588
202311,2,16,1068.0959999999998
202112,1,12,2245.3680000000004
202106,1,3,2357.8440000000005
202302,2,15,1331.1719999999998
202305,1,13,1410.3239999999998
202207,3,17,1258.236
202110,2,4,1055.5919999999999
202401,1,6,2585.1599999999994
202210,1,16,2617.475999999999
202308,3,1,936.264
202402,2,1,1008.2159999999999
202205,2,4,1651.7639999999997
202106,2,12,1238.424
202103,2,4,1706.6400000000003
202206,3,18,1167.2520000000002
202210,2,4,1368.2640000000006
202210,3,1,884.232
202406,1,2,1908.6119999999999
202311,3,17,1105.776
202111,3,4,817.8599999999999
202103,3,6,1272.576
202109,2,2,1197.456
202102,3,5,1114.1519999999998
202203,1,14,2223.324
202103,1,13,1872.648
202205,1,9,2562.1439999999993
202403,3,15,1172.736
202307,1,18,3294.5879999999993
202205,3,19,910.2119999999995
202311,2,1,1880.0160000000005
202404,3,13,797.7479999999998
202209,3,16,949.3919999999998
202309,1,10,2268.7679999999996
202111,2,18,1571.124
202204,2,15,1375.2119999999998
202309,1,16,2487.2400000000002
202203,3,18,969.0360000000002
202203,3,2,1188.264
202310,2,18,1345.4759999999999
202404,3,7,1103.7
202304,3,18,619.044
202102,2,11,1615.764
202201,3,14,701.58
202105,2,16,1231.3559999999998
202106,3,4,919.2599999999999
202101,3,9,172.824
202112,1,9,2423.3639999999996
202210,2,3,962.4839999999999
202203,3,10,856.584
202309,3,5,892.9320000000001
202205,2,5,1135.896
202102,1,4,1871.952
202401,1,18,2528.052
202208,2,8,950.4720000000002
202312,1,6,2155.3919999999994
202109,3,8,1238.628
202105,3,10,955.4280000000001
202207,1,5,2170.0679999999998
202305,3,12,995.2559999999999
202207,1,7,2311.0080000000003
202403,3,17,1378.9800000000002
202205,3,18,710.976
202106,2,4,1506.5280000000002
202304,1,11,2453.7239999999993
202401,3,18,1059.4199999999998
202210,3,9,1236.588
202301,3,2,758.5199999999999
202301,1,19,2254.1760000000004
202310,2,12,1154.4839999999997
202307,2,6,1584.768
202403,1,5,2777.927999999999
202103,1,17,2094.2999999999997
202403,1,3,2528.196
202304,1,1,1864.7040000000002
202109,2,1,1277.0040000000004
202202,3,2,1027.8480000000002
202109,3,2,1008.432
202206,2,1,1050.8159999999998
202108,2,14,1331.8080000000002
202109,2,6,1285.7520000000002
202407,3,16,593.8199999999999
202405,3,9,1058.16
202209,2,1,1334.556
202205,3,6,647.256
202105,2,5,1677.1200000000001
202102,1,14,1628.9399999999998
202306,2,9,1253.5320000000002
202302,3,8,728.7959999999999
202209,3,13,888.576
202102,1,3,1978.5480000000002
202305,2,17,1566.972
202208,1,11,2147.207999999999
202107,3,14,637.212
202307,2,11,2016.24
202404,3,16,787.1399999999999
202108,2,19,1708.1039999999998
202108,1,3,2034.4799999999998
202103,2,8,1380.2039999999997
202111,3,18,731.916
202212,1,5,2031.7199999999998
202406,3,16,866.3040000000001
202204,1,3,2183.5079999999994
202404,2,7,1384.9680000000003
202301,2,14,847.164
202405,2,7,1416.3119999999994
202101,1,5,129.84
202304,1,9,2173.883999999999
202109,3,1,790.872
202311,2,11,1717.8600000000001
202211,1,2,2505.9839999999995
202202,1,18,2366.6759999999995
202107,2,11,1616.4360000000001
202211,2,12,1165.068
202201,3,17,982.5960000000001
202405,2,17,1207.4640000000002
202304,3,5,1059.996
202111,1,9,2351.7360000000003
202307,2,3,1286.7239999999997
202309,3,15,919.032
202406,3,9,731.4719999999998
202205,1,1,2091.9839999999995
202111,1,10,1951.62
202401,2,11,1133.6399999999996
202301,3,1,1054.9199999999998
202202,2,16,1420.7159999999997
202207,3,12,1051.26
202310,2,6,1261.14
202105,2,10,1531.968
202104,2,12,1483.1879999999999
202303,1,2,2630.184
202312,2,3,1522.3199999999995
202206,2,18,1042.6799999999998
202309,2,2,1262.856
202203,1,3,2004.2039999999997
202302,1,13,1818.6119999999992
202302,3,16,1014.2639999999999
202308,1,13,1911.4439999999997
202302,3,11,599.82
202110,3,7,841.6800000000001
202403,1,19,2152.247999999999
202203,2,13,1220.9520000000002
202301,2,7,1763.0879999999997
202205,1,15,2117.4959999999996
202106,1,2,1945.8120000000004
202404,1,2,2541.3240000000005
202401,1,1,1820.544
202106,2,11,1636.7760000000003
202301,1,16,3113.7360000000012
202104,1,12,2197.548
202311,1,4,2853.4560000000006
202401,2,3,1981.8360000000002
202402,2,5,1265.484
202311,1,11,2152.9320000000002
202102,2,17,1598.5200000000002
202305,1,8,2451.5639999999994
202101,2,4,82.056
202107,2,12,1062.8999999999999
202104,1,19,2186.4
202311,1,8,2342.8920000000003
202111,1,4,1697.3879999999997
202310,2,10,1593.6599999999999
202109,3,11,883.3920000000002
202212,1,2,3339.3600000000006
202208,2,19,1542.468
202307,1,8,2553.059999999999
202402,3,18,832.524
202102,3,13,1132.884
202104,1,6,2491.1639999999998
202107,3,10,1294.3920000000003
202308,3,7,671.232
202211,3,6,1070.0159999999998
202210,1,9,2693.4120000000003
202310,3,10,1287.972
202106,2,10,1593.2279999999998
202312,1,19,2366.6159999999995
202203,2,7,1328.9159999999997
202104,2,15,1181.3279999999997
202404,3,6,1165.6799999999998
202209,3,1,805.8240000000001
202308,1,11,2409.216
202306,2,3,1763.136
202212,3,17,868.8960000000001
202406,3,13,997.608
202210,2,13,1652.7359999999996
202102,1,9,2231.424
202302,3,17,635.964
202103,1,12,2328.972
202212,2,3,1299.816
202110,1,12,1959.9240000000002
202106,2,8,1974.3719999999998
202112,1,7,2215.8359999999993
202402,2,12,1451.9279999999997
202404,3,8,822.792
202312,1,10,2306.4959999999996
202307,3,6,1040.9760000000003
202306,1,10,2114.0519999999997
202309,3,16,1120.1879999999999
202309,2,14,1326.1799999999998
202201,1,11,2890.7759999999994
202111,1,19,2268.0719999999997
202305,3,6,1247.2199999999998
202302,3,1,792.1919999999999
202405,1,8,2139.8160000000003
202403,1,11,2525.208
202211,1,14,2259.348
202306,1,14,2576.1119999999996
202307,2,2,1375.7760000000003
202106,3,2,897.996
202108,3,2,1159.452
202204,1,18,1983.72
202112,3,2,1034.904
202106,1,14,1927.4879999999996
202405,3,2,644.028
202305,2,2,1599.0360000000003
202109,3,14,1649.9759999999997
202304,3,8,905.5680000000001
202402,2,13,1504.4760000000008
202108,2,12,1454.4600000000003
202101,1,13,288.696
202107,2,19,1355.1240000000003
202301,1,13,2507.388000000001
202405,3,8,975.1800000000001
202402,3,17,1119.3359999999998
202208,1,8,2961.3840000000005
202305,1,2,2100.612
202202,2,6,1240.788
202406,3,18,981.0840000000001
202308,1,3,2459.3879999999995
202312,2,6,1649.2920000000004
202205,2,13,1486.5839999999998
202102,2,18,1107.708
202104,3,8,501.4319999999999
202407,1,11,1247.76
202201,1,15,3165.5520000000006
202305,1,7,3222.672
202110,1,3,2342.244
202203,1,18,2229.648
202307,3,19,1115.472
202110,3,13,851.1960000000001
202110,2,18,1531.3679999999997
202211,3,13,967.5840000000001
202404,1,5,2215.548
202309,1,8,1859.5679999999995
202108,2,11,1549.152
202303,1,3,3182.196
202310,1,4,2417.7359999999994
202105,3,2,522.756
202208,2,2,1477.5360000000003
202110,2,17,1264.3560000000004
202204,3,4,1205.604
202101,2,16,196.644
202204,3,18,841.7639999999998
202405,2,12,1416.0120000000002
202407,2,10,911.2200000000001
202305,3,10,1045.884
202206,2,2,1456.0799999999995
202102,2,19,1319.952
202301,2,2,1334.76
202110,3,3,935.976
202201,2,7,1535.0280000000002
202112,1,14,2403.3119999999994
202311,2,9,1093.62
202310,3,1,1195.608
202305,2,16,1327.4159999999997
202306,1,11,1645.1999999999994
202212,2,8,1064.904
202111,3,8,1167.3479999999997
202209,1,3,2435.7480000000005
202302,1,5,2061.684
202209,3,19,1415.2440000000001
202207,3,18,1013.0759999999997
202106,1,9,2420.76
202209,1,4,2368.8119999999994
202311,3,7,941.064
202206,2,9,1319.1719999999998
202102,1,2,2801.232
202407,3,15,848.9639999999998
202303,1,18,2754.516
202303,2,19,1689.912
202207,2,11,1451.2320000000002
202202,3,13,1108.7879999999998
202104,1,16,2371.8359999999993
202406,3,7,602.424
202407,1,19,1529.1000000000001
202304,2,6,1526.064
202405,3,3,760.236
202202,3,5,553.08
202303,2,10,1522.0799999999997
202108,3,9,804.0
202204,3,10,691.932
202305,1,1,1913.327999999999
202301,1,14,2219.352
202212,1,10,2803.740000000001
202401,1,10,2412.5040000000004
202302,1,12,2042.424
202212,3,12,1128.744
202309,2,17,1167.504
202209,3,10,939.1200000000001
202303,2,5,1118.172
202305,3,16,754.452
202212,2,1,1430.784
202405,2,13,1511.8200000000004
202102,2,14,1168.6799999999998
202102,2,16,1184.3999999999999
202306,2,4,913.0200000000001
202201,3,7,802.9440000000001
202112,2,9,1556.6760000000006
202205,1,7,2696.004
202305,3,13,961.332
202204,3,5,857.4
202310,1,10,2278.5479999999993
202302,3,15,597.0
202103,3,5,1111.404
202310,3,15,1043.2799999999997
202204,2,17,1301.2920000000001
202210,1,18,2812.4520000000007
202202,1,8,2595.0839999999994
202109,1,4,2230.812
202112,3,7,1068.3600000000001
202312,3,9,942.396
202112,1,17,2309.4120000000007
202303,2,11,1516.0320000000002
202301,2,17,758.5200000000001
202208,1,16,2146.404
202202,2,15,1566.3719999999996
202307,2,12,1244.052
202302,3,13,1107.276
202405,3,18,1216.836
202207,3,11,906.6240000000001
202102,2,8,1333.836
202210,2,6,1312.4159999999997
202407,3,17,776.604
202103,2,13,1577.532
202306,1,9,1619.7720000000006
202204,2,2,838.3439999999998
202402,3,14,1077.7559999999999
202211,3,16,543.6120000000001
202107,2,6,1593.5039999999997
202407,3,9,731.4599999999998
202203,1,2,2287.7519999999995
202106,2,9,1189.344
202403,2,15,1182.54
202301,2,12,1409.0879999999997
202303,3,14,648.5279999999999
202406,1,19,2265.4680000000003
202205,1,4,2139.443999999999
202307,1,10,2482.716
202311,3,9,776.7839999999999
202107,3,19,683.7000000000002
202201,1,19,2425.524
202210,2,2,1532.5560000000003
202404,1,15,1937.1960000000006
202312,3,19,1057.092
202301,2,1,1360.7160000000001
202303,2,2,1386.84
202311,1,3,2401.9559999999997
202310,2,14,1574.7599999999995
202212,3,3,1462.1880000000003
202205,1,13,2332.7519999999995
202208,2,5,2023.8719999999994
202101,2,14,106.41600000000001
202108,2,8,1763.1120000000003
202311,1,14,2520.7679999999996
202302,3,9,438.43199999999996
202102,3,8,994.26
202210,3,11,954.2759999999998
202207,2,12,1365.8759999999997
202205,1,2,2315.484
202301,2,8,1209.8279999999997
202205,1,6,2212.1759999999995
202301,3,10,828.7559999999999
202202,2,19,1434.8400000000004
202305,3,14,740.892
202204,1,12,2638.4520000000007
202108,3,7,564.6119999999999
202101,3,7,62.736
202307,3,11,1178.616
202309,1,5,2337.1440000000002
202103,1,1,2710.1279999999992
202110,2,5,1544.7600000000002
202105,2,11,1019.5319999999998
202201,2,17,1281.8400000000004
202210,2,9,2035.584
202308,3,5,1214.3999999999999
202404,2,6,1085.388
202109,3,5,1094.0879999999997
202110,3,4,574.932
202108,3,15,1243.7759999999996
202207,2,7,1488.2639999999997
202310,3,7,848.8560000000001
202109,2,18,1607.244
202107,3,17,847.1759999999998
202211,3,7,619.248
202107,1,9,2683.9079999999994
202311,3,5,1224.312
202407,3,7,532.1279999999999
202301,3,8,746.748
202207,3,3,1081.104
202303,2,4,1426.2000000000005
202103,1,7,2916.2519999999995
202403,3,8,922.4279999999999
202103,2,15,1552.3200000000002
202203,2,17,1377.0
202304,1,6,2520.1919999999996
202112,3,10,846.7079999999999
202206,1,10,2367.0239999999994
202302,3,10,902.424
202307,3,2,1181.0040000000001
202404,3,11,1011.4200000000001
202110,3,8,910.3439999999997
202210,1,12,2342.4239999999995
202304,3,17,637.9560000000001
202110,2,1,1368.6840000000004
202401,2,1,1796.352
202111,1,5,2249.9399999999996
202402,2,14,1660.788
202104,2,11,1306.9200000000003
202301,3,6,1026.4080000000001
202311,2,12,1164.7079999999999
202201,1,17,2194.4519999999998
202101,3,11,15.911999999999999
202302,3,12,1124.9279999999999
202204,2,6,1611.912
202105,3,14,948.204
202207,2,6,1433.2079999999999
202401,3,10,1322.556
202302,3,7,802.4159999999998
202212,2,6,1550.8679999999997
202207,2,14,1370.3999999999999
202107,1,3,2936.711999999999
202210,1,6,2253.9960000000005
202107,3,7,666.72
202407,3,5,787.6919999999999
202106,1,6,1569.6119999999992
202104,3,6,1092.84
202104,1,9,2090.748
202312,2,7,1840.1280000000006
202206,3,10,998.0760000000001
202403,2,17,1907.8079999999995
202207,1,15,1936.8239999999998
202210,3,17,589.9799999999999
202102,1,7,2409.2760000000003
202312,3,1,1049.7119999999998
202308,3,13,1125.5039999999997
202106,2,6,1329.084
202101,2,5,15.515999999999998
202403,3,7,1068.5040000000001
202202,3,18,848.16
202110,1,1,2625.3120000000004
202203,2,10,1635.2159999999997
202103,1,4,2924.052000000001
202301,1,8,2053.632
202210,1,10,2139.0120000000006
202111,2,12,1404.648
202407,1,10,1235.94
202402,2,3,934.9919999999997
202212,2,12,1089.2999999999995
202106,3,6,1019.0279999999999
202404,2,2,1162.548
202207,3,10,1094.9520000000002
202212,2,9,1281.1680000000001
202106,3,3,1048.9560000000001
202112,1,19,2854.823999999999
202110,2,10,1609.212
202210,2,17,1478.0040000000001
202208,3,3,1100.1480000000001
202112,3,14,436.8839999999999
202305,3,15,809.1239999999997
202109,2,15,1448.1480000000001
202405,1,4,2392.2000000000003
202203,1,8,2529.972
202112,2,17,1584.18
202209,2,5,1319.4479999999999
202105,2,18,1807.3319999999999
202102,3,2,715.008
202112,2,14,1236.3
202303,3,18,1368.0599999999997
202206,2,12,1611.3360000000005
202406,3,2,1133.3880000000001
202202,3,15,718.2239999999999
202312,2,11,1440.1560000000004
202103,2,14,1883.4119999999996
202107,2,16,1269.336
202404,3,1,1166.172
202108,2,2,1509.5159999999994
202210,2,19,1920.9719999999998
202207,1,13,2069.8440000000005
202405,3,11,907.776
202201,2,8,1305.5039999999997
202110,3,15,1023.636
202107,1,7,2346.384
202312,3,4,986.64
202204,2,8,1414.6559999999995
202108,2,15,1368.6480000000001
202303,1,12,2119.032
202205,3,4,1059.2759999999998
202103,2,5,1732.32
202110,2,13,1344.5519999999997
202209,3,7,672.3720000000001
202209,1,1,3080.867999999999
202404,1,14,1729.0679999999998
202112,1,11,2230.068
202403,3,5,914.9759999999999
202104,2,5,1176.42
202210,3,7,1035.0359999999998
202204,1,8,2352.108
202203,3,3,1282.164
202112,3,13,920.2199999999999
202104,2,10,893.016
202307,1,6,2024.9039999999998
202106,2,1,1219.704
202107,3,3,1370.5800000000004
202309,1,6,1945.7759999999998
202108,3,14,810.588
202111,3,3,700.5360000000001
202211,2,19,821.976
202105,1,14,2381.292
202405,2,2,1724.6399999999996
202110,3,9,964.6439999999997
202407,1,9,1776.9719999999995
202305,3,1,1012.7279999999998
202105,3,17,743.0039999999999
202403,2,8,1525.932
202110,2,12,1223.5559999999996
202203,2,19,1829.532
202107,2,17,1363.56
202111,2,19,1365.912
202405,1,5,2206.1519999999996
202202,1,4,2303.4600000000005
202112,3,12,704.52
202309,3,7,760.5600000000001
202111,3,17,825.18
202312,3,11,1020.816
202303,3,15,1020.5520000000001
202401,3,13,1085.6399999999996
202108,3,16,902.2919999999999
202112,3,16,835.9920000000001
202402,1,3,2574.5759999999996
202310,2,7,1893.3119999999997
202402,2,10,1391.9759999999997
202406,3,1,822.444
202403,2,12,1424.8799999999999
202309,3,11,883.812
202108,2,18,1173.5039999999997
202206,3,13,1331.5679999999998
202308,2,19,1347.6840000000002
202401,1,9,2838.708
202206,2,7,1660.8599999999997
202111,1,14,2728.5
202105,1,9,2256.2999999999997
202403,1,13,2014.296
202106,2,3,1774.4520000000002
202308,2,3,1172.0159999999998
202205,3,8,793.5359999999998
202103,1,18,2983.7759999999994
202208,3,9,875.5080000000002
202401,1,8,2213.2679999999996
202402,1,1,1832.891999999999
202109,3,6,1180.1280000000002
202308,1,12,1679.2679999999998
202401,1,2,2875.152
202406,1,15,3083.963999999999
202303,3,9,973.8360000000002
202208,2,6,1276.3199999999995
202103,1,10,3056.0640000000003
202206,2,8,1702.4039999999998
202203,3,15,733.632
202406,2,15,1461.3480000000002
202211,3,3,1039.392
202110,3,18,840.66
202107,2,1,1119.024
202402,1,12,2863.824
202403,3,1,745.0920000000001
202304,2,14,1408.7760000000005
202104,2,6,1294.416
202403,1,7,2129.472
202406,1,16,2172.8039999999996
202401,1,7,2504.5559999999996
202208,2,7,1599.1560000000004
202403,3,14,974.1959999999997
202105,1,17,2332.1400000000003
202303,2,9,1108.728
202206,1,18,2347.199999999999
202402,1,19,2626.4520000000007
202305,3,11,706.1159999999999
202207,3,6,1141.8960000000002
202303,1,8,2888.1000000000004
202402,1,14,2065.187999999999
202201,1,7,2548.7999999999997
202108,3,1,857.628
202406,1,12,3293.687999999999
202203,1,12,2242.812
202112,3,5,871.8599999999999
202303,3,11,1592.8920000000003
202406,3,17,1086.228
202405,1,15,3173.9639999999995
202405,2,14,1950.96
202402,3,16,1342.38
202309,1,7,2100.048000000001
202102,2,2,1147.5720000000001
202301,1,3,2651.975999999999
202310,1,18,2605.5479999999993
202304,1,16,2310.1560000000004
202202,3,10,993.5040000000001
202204,3,17,988.9560000000002
202301,1,18,2056.9559999999997
202203,1,17,3008.064
202203,2,16,1223.244
202206,3,5,741.516
202310,2,5,1506.432
202209,2,8,1104.7920000000001
202310,2,11,1156.4400000000003
202306,2,2,1788.3839999999996
202206,1,3,2740.3320000000012
202407,3,3,470.196
202208,2,14,1588.6800000000003
202105,1,7,1573.044
202308,3,15,990.7079999999997
202402,2,19,1278.8999999999996
202403,2,11,1787.7599999999993
202301,1,9,2514.6479999999997
202209,2,19,1401.108
202305,2,18,1049.532
202310,2,19,1136.8799999999997
202104,2,2,1856.8440000000003
202104,3,2,1100.0279999999996
202104,1,14,2564.436
202210,1,15,2233.7520000000004
202112,1,1,2677.859999999999
202206,1,5,2856.2280000000005
202201,3,9,829.5719999999999
202112,3,1,1141.7160000000001
202207,1,1,2131.1040000000003
202309,2,9,1339.9439999999997
202407,3,4,700.992
202303,3,3,856.8599999999999
202203,2,6,1567.6799999999996
202104,2,19,1304.8799999999999
202306,3,19,929.7360000000002
202311,2,4,1303.2720000000002
202108,1,17,2070.7319999999995
202209,3,17,686.388
202110,2,9,1555.0919999999999
202212,1,17,2260.776
202402,3,6,864.8760000000001
202312,2,8,1624.428
202102,2,4,1469.892
202407,2,13,834.576
202211,1,13,1584.6359999999997
202310,3,13,1025.2799999999997
202407,3,2,931.8119999999998
202312,1,13,2156.8439999999996
202306,3,3,1379.2320000000002
202205,1,12,2538.155999999999
202301,2,3,1502.556
202404,2,10,1685.676
202105,3,8,787.632
202210,1,8,2125.2
202401,2,4,1118.184
202304,3,19,603.0960000000001
202308,2,5,1480.2959999999998
202204,1,16,2379.24
202406,3,14,873.0719999999999
202104,3,7,713.1239999999997
202304,2,8,956.5920000000001
202109,1,12,2269.0200000000004
202403,2,4,1408.776
202202,1,5,1848.4199999999992
202112,2,13,1623.0240000000001
202403,1,17,2471.2319999999995
202108,1,1,2743.9320000000007
202108,3,11,894.7439999999997
202302,1,8,2206.8959999999997
202211,2,7,1454.4360000000001
202108,3,8,1434.3839999999998
202406,2,6,1500.2160000000001
202307,3,4,698.784
202207,3,4,789.78
202209,2,11,1104.5880000000004
202403,3,6,1234.548
202104,1,7,2225.4359999999997
202301,1,7,2202.2640000000006
202207,1,8,1759.788
202103,3,9,761.052
202307,1,13,2089.8959999999997
202401,2,6,1398.5999999999997
202303,3,1,556.3079999999998
202312,2,10,1212.2999999999997
202402,1,4,2524.6679999999997
202302,2,18,1022.4000000000001
202209,3,11,1195.236
202312,2,15,1343.0879999999995
202211,3,4,757.4519999999999
202309,2,8,1530.1560000000002
202303,2,1,1429.9080000000001
202112,2,3,1545.5040000000001
202102,3,6,845.3639999999999
202312,3,13,1129.7279999999998
202205,3,9,870.2999999999997
202207,3,8,970.056
202404,3,15,889.4279999999999
202403,2,14,1551.12
202110,2,14,1272.8399999999997
202305,3,8,1021.14
202306,2,10,1831.4399999999998
202108,1,12,2650.247999999999
202112,2,7,1422.4319999999996
202403,3,11,1074.54
202205,1,3,2650.296
202401,3,19,1053.1439999999998
202303,1,10,1760.8079999999998
202305,2,3,958.1280000000002
202204,3,13,1044.588
202305,2,1,1442.7959999999996
202402,2,16,881.1719999999999
202309,2,4,1252.5239999999997
202302,3,5,448.584
202207,3,19,690.156
202109,1,14,2351.2439999999997
202406,2,17,1258.224
202108,3,3,1303.4399999999998
202303,3,13,820.0919999999998
202108,1,8,2682.4559999999997
202107,3,2,744.9000000000001
202305,2,8,1158.72
202108,3,17,1128.0359999999998
202305,3,17,859.212
202407,1,3,1848.96
202302,2,5,1277.544
202403,2,2,1538.6039999999998
202105,3,11,1062.8159999999998
202203,3,4,976.14
202109,3,17,593.4959999999999
202404,3,4,1001.9520000000001
202304,3,13,676.2239999999999
202104,1,4,2332.956000000001
202211,3,8,597.144
202204,3,2,1161.1079999999997
202304,3,16,1195.7039999999997
202405,1,11,2044.584
202209,2,9,1656.6719999999996
202108,3,5,959.9879999999999
202202,1,12,1929.4199999999996
202302,3,3,834.4679999999998
202208,1,14,2159.291999999999
202206,3,8,921.528
202405,1,16,1981.512
202105,1,19,3196.1039999999994
202205,3,10,733.7879999999999
202201,3,12,960.828
202101,2,19,9.576
